object	0	o_button
object	1	o_cameraController
object	2	o_inv_slot
object	3	o_loot
object	4	o_mainMenuButton
object	5	o_mainMenuNavContainer
object	6	o_player
object	7	o_textLoader
object	8	o_weapon_loot
object	9	o_cullingController
object	10	o_black_overlay
object	11	o_dialogue
object	12	o_smoothRoomChanger
object	13	o_controller
object	14	o_time_controller
object	15	o_close_panel
object	16	o_ingame_menu_button
object	17	o_unit
object	18	o_globalmap
object	19	o_globalmapMarkUser
object	20	o_globalmapInteractiveNormal
object	21	o_enemy
object	22	o_inventory
object	23	o_container_parent
sprite	0	s_checkbox
sprite	1	s_gui_arrow_down
sprite	2	s_gui_arrow_up
sprite	3	s_gui_close
sprite	4	s_gui_close_small
sprite	5	s_hcorner
sprite	6	s_healthbar
sprite	7	s_holdbar
sprite	8	s_holdbar_mana
sprite	9	s_hp_n
sprite	10	s_music_bar
sprite	11	s_music_slide
sprite	12	s_scrollbar_vertical
sprite	13	s_settings_button_down
sprite	14	s_settings_button_down_deactivated
sprite	15	s_settings_menu
sprite	16	s_settings_scrollbar_track
sprite	17	s_sword_branch
sprite	18	s_weapondamage_electricity
sound	0	snd_button_click
sound	1	snd_button_enter
sound	2	snd_checkbox_off
sound	3	snd_checkbox_on
sound	4	snd_combobox_off
sound	5	snd_combobox_on
sound	6	snd_ui_menu_push_down_button_release_close_window
sound	7	snd_ui_menu_settings_big_window_st
room	0	r_main_menu
room	1	r_main_menu_prologue
