o_inv_slot	gml_Object_o_inv_slot_CleanUp_0
o_inv_slot	gml_Object_o_inv_slot_Other_10
o_inv_slot	gml_Object_o_inv_slot_Other_12
o_inv_slot	gml_Object_o_inv_slot_Other_16
o_inv_slot	gml_Object_o_inv_slot_Other_21
o_loot	gml_Object_o_loot_CleanUp_0
o_mainMenuButton	gml_Object_o_mainMenuButton_Other_25
o_mainMenuNavContainer	gml_Object_o_mainMenuNavContainer_Other_10
o_player	gml_Object_o_player_Step_0
o_textLoader	gml_Object_o_textLoader_Other_25
o_weapon_loot	gml_Object_o_weapon_loot_Other_11
o_mainMenuNavContainer	gml_Object_o_mainMenuNavContainer_Other_24
